response_id,provider,submission_date,response_date,days_to_response,sla_days,sla_compliant,season,response_completeness
RESP_AVI_5849,Aviva,2025-08-10T16:34:15.618692,2025-08-20T16:34:15.618692,10,15,True,Q4,Complete
RESP_AVI_3228,Aviva,2025-11-21T16:34:15.618836,2025-11-29T16:34:15.618836,8,15,True,Q1,Partial
RESP_AVI_2395,Aviva,2025-04-03T16:34:15.618920,2025-04-15T16:34:15.618920,12,15,True,Q3,Complete
RESP_AVI_8336,Aviva,2025-05-04T16:34:15.619003,2025-05-11T16:34:15.619003,7,15,True,Q4,Partial
RESP_AVI_2459,Aviva,2025-05-17T16:34:15.619076,2025-05-26T16:34:15.619076,9,15,True,Q3,Partial
RESP_AVI_6196,Aviva,2025-03-06T16:34:15.619140,2025-03-21T16:34:15.619140,15,15,True,Q2,Partial
RESP_AVI_5636,Aviva,2025-03-15T16:34:15.619201,2025-03-21T16:34:15.619201,6,15,True,Q2,Complete
RESP_AVI_5087,Aviva,2025-09-19T16:34:15.619261,2025-09-29T16:34:15.619261,10,15,True,Q1,Complete
RESP_AVI_9172,Aviva,2025-03-24T16:34:15.619322,2025-04-09T16:34:15.619322,16,15,False,Q1,Complete
RESP_AVI_4796,Aviva,2025-07-07T16:34:15.619382,2025-07-16T16:34:15.619382,9,15,True,Q1,Complete
RESP_AVI_5860,Aviva,2025-07-12T16:34:15.619441,2025-07-26T16:34:15.619441,14,15,True,Q2,Complete
RESP_AVI_8962,Aviva,2025-03-28T16:34:15.619499,2025-04-06T16:34:15.619499,9,15,True,Q3,Complete
RESP_AVI_6278,Aviva,2025-03-09T16:34:15.619559,2025-03-22T16:34:15.619559,13,15,True,Q1,Complete
RESP_AVI_1895,Aviva,2025-08-01T16:34:15.619616,2025-08-08T16:34:15.619616,7,15,True,Q2,Partial
RESP_AVI_3433,Aviva,2025-03-29T16:34:15.619736,2025-04-07T16:34:15.619736,9,15,True,Q3,Complete
RESP_AVI_7858,Aviva,2025-03-31T16:34:15.619806,2025-04-08T16:34:15.619806,8,15,True,Q3,Complete
RESP_AVI_6440,Aviva,2025-12-21T16:34:15.619870,2026-01-03T16:34:15.619870,13,15,True,Q3,Partial
RESP_AVI_9894,Aviva,2025-05-12T16:34:15.619931,2025-05-25T16:34:15.619931,13,15,True,Q1,Complete
RESP_AVI_3010,Aviva,2025-04-28T16:34:15.619994,2025-05-11T16:34:15.619994,13,15,True,Q2,Partial
RESP_AVI_5968,Aviva,2025-08-23T16:34:15.620060,2025-08-31T16:34:15.620060,8,15,True,Q3,Complete
RESP_AVI_9539,Aviva,2025-09-09T16:34:15.620195,2025-09-19T16:34:15.620195,10,15,True,Q4,Complete
RESP_AVI_2351,Aviva,2025-02-02T16:34:15.620297,2025-02-10T16:34:15.620297,8,15,True,Q1,Complete
RESP_AVI_1266,Aviva,2025-05-04T16:34:15.620369,2025-05-10T16:34:15.620369,6,15,True,Q3,Complete
RESP_AVI_2022,Aviva,2025-02-04T16:34:15.620426,2025-02-15T16:34:15.620426,11,15,True,Q4,Complete
RESP_AVI_3318,Aviva,2025-11-11T16:34:15.620489,2025-11-19T16:34:15.620489,8,15,True,Q4,Partial
RESP_AVI_8621,Aviva,2025-03-23T16:34:15.620558,2025-04-01T16:34:15.620558,9,15,True,Q2,Complete
RESP_AVI_2520,Aviva,2025-10-17T16:34:15.620620,2025-10-22T16:34:15.620620,5,15,True,Q1,Complete
RESP_AVI_7583,Aviva,2025-02-28T16:34:15.620731,2025-03-07T16:34:15.620731,7,15,True,Q4,Complete
RESP_AVI_7176,Aviva,2025-05-22T16:34:15.620792,2025-05-29T16:34:15.620792,7,15,True,Q3,Complete
RESP_AVI_9653,Aviva,2025-02-28T16:34:15.620853,2025-03-10T16:34:15.620853,10,15,True,Q2,Complete
RESP_AVI_1755,Aviva,2025-09-03T16:34:15.620911,2025-09-11T16:34:15.620911,8,15,True,Q1,Complete
RESP_AVI_5748,Aviva,2025-02-21T16:34:15.620972,2025-03-05T16:34:15.620972,12,15,True,Q4,Complete
RESP_AVI_7457,Aviva,2025-09-14T16:34:15.621046,2025-09-21T16:34:15.621046,7,15,True,Q2,Incomplete
RESP_AVI_6283,Aviva,2025-11-07T16:34:15.621092,2025-11-12T16:34:15.621092,5,15,True,Q4,Incomplete
RESP_AVI_5382,Aviva,2025-12-18T16:34:15.621129,2025-12-30T16:34:15.621129,12,15,True,Q2,Complete
RESP_AVI_8222,Aviva,2025-06-24T16:34:15.621165,2025-07-03T16:34:15.621165,9,15,True,Q4,Complete
RESP_AVI_2125,Aviva,2025-07-19T16:34:15.621202,2025-07-24T16:34:15.621202,5,15,True,Q2,Complete
RESP_AVI_7565,Aviva,2025-03-15T16:34:15.621238,2025-03-24T16:34:15.621238,9,15,True,Q4,Partial
RESP_AVI_4465,Aviva,2025-09-05T16:34:15.621273,2025-09-10T16:34:15.621273,5,15,True,Q1,Complete
RESP_AVI_6413,Aviva,2025-09-25T16:34:15.621309,2025-10-01T16:34:15.621309,6,15,True,Q4,Partial
RESP_AVI_8038,Aviva,2025-10-03T16:34:15.621345,2025-10-13T16:34:15.621345,10,15,True,Q3,Complete
RESP_AVI_3606,Aviva,2025-03-10T16:34:15.621381,2025-03-21T16:34:15.621381,11,15,True,Q3,Complete
RESP_AVI_6922,Aviva,2025-07-30T16:34:15.621416,2025-08-11T16:34:15.621416,12,15,True,Q4,Partial
RESP_AVI_3792,Aviva,2025-06-03T16:34:15.621456,2025-06-11T16:34:15.621456,8,15,True,Q3,Partial
RESP_AVI_9159,Aviva,2025-08-30T16:34:15.621493,2025-09-07T16:34:15.621493,8,15,True,Q3,Partial
RESP_AVI_7004,Aviva,2025-06-16T16:34:15.621529,2025-06-23T16:34:15.621529,7,15,True,Q2,Complete
RESP_AVI_1791,Aviva,2025-05-22T16:34:15.621564,2025-06-01T16:34:15.621564,10,15,True,Q4,Complete
RESP_AVI_8904,Aviva,2025-05-24T16:34:15.621599,2025-06-08T16:34:15.621599,15,15,True,Q2,Complete
RESP_AVI_7446,Aviva,2025-05-07T16:34:15.621668,2025-05-18T16:34:15.621668,11,15,True,Q1,Partial
RESP_AVI_7764,Aviva,2025-12-14T16:34:15.621734,2025-12-19T16:34:15.621734,5,15,True,Q1,Complete
RESP_STA_6142,Standard Life,2025-03-29T16:34:15.621806,2025-04-10T16:34:15.621806,12,15,True,Q3,Partial
RESP_STA_3978,Standard Life,2025-11-26T16:34:15.621853,2025-12-03T16:34:15.621853,7,15,True,Q4,Partial
RESP_STA_5595,Standard Life,2025-02-28T16:34:15.621891,2025-03-14T16:34:15.621891,14,15,True,Q3,Partial
RESP_STA_7211,Standard Life,2025-09-11T16:34:15.621928,2025-09-24T16:34:15.621928,13,15,True,Q4,Partial
RESP_STA_5899,Standard Life,2025-08-03T16:34:15.621964,2025-08-19T16:34:15.621964,16,15,False,Q3,Partial
RESP_STA_2285,Standard Life,2025-09-03T16:34:15.622001,2025-09-18T16:34:15.622001,15,15,True,Q2,Complete
RESP_STA_4022,Standard Life,2025-03-26T16:34:15.622036,2025-04-09T16:34:15.622036,14,15,True,Q1,Complete
RESP_STA_5204,Standard Life,2025-12-22T16:34:15.622072,2025-12-29T16:34:15.622072,7,15,True,Q3,Incomplete
RESP_STA_5917,Standard Life,2025-05-26T16:34:15.622108,2025-06-02T16:34:15.622108,7,15,True,Q1,Complete
RESP_STA_9382,Standard Life,2025-08-19T16:34:15.622144,2025-08-27T16:34:15.622144,8,15,True,Q1,Complete
RESP_STA_6378,Standard Life,2025-10-22T16:34:15.622179,2025-11-03T16:34:15.622179,12,15,True,Q3,Incomplete
RESP_STA_9864,Standard Life,2025-05-16T16:34:15.622215,2025-05-26T16:34:15.622215,10,15,True,Q4,Partial
RESP_STA_1301,Standard Life,2025-03-19T16:34:15.622251,2025-04-08T16:34:15.622251,20,15,False,Q4,Partial
RESP_STA_6429,Standard Life,2025-03-02T16:34:15.622291,2025-03-09T16:34:15.622291,7,15,True,Q3,Incomplete
RESP_STA_5856,Standard Life,2025-07-31T16:34:15.622327,2025-08-14T16:34:15.622327,14,15,True,Q3,Partial
RESP_STA_2706,Standard Life,2025-12-27T16:34:15.622363,2026-01-07T16:34:15.622363,11,15,True,Q1,Complete
RESP_STA_7156,Standard Life,2025-07-01T16:34:15.622399,2025-07-14T16:34:15.622399,13,15,True,Q2,Complete
RESP_STA_7512,Standard Life,2025-11-13T16:34:15.622435,2025-11-26T16:34:15.622435,13,15,True,Q4,Partial
RESP_STA_3303,Standard Life,2025-12-31T16:34:15.622470,2026-01-07T16:34:15.622470,7,15,True,Q2,Complete
RESP_STA_2082,Standard Life,2025-03-30T16:34:15.622506,2025-04-12T16:34:15.622506,13,15,True,Q2,Complete
RESP_STA_6179,Standard Life,2025-05-05T16:34:15.622542,2025-05-17T16:34:15.622542,12,15,True,Q1,Complete
RESP_STA_2590,Standard Life,2025-05-15T16:34:15.622580,2025-05-24T16:34:15.622580,9,15,True,Q1,Partial
RESP_STA_4646,Standard Life,2025-07-03T16:34:15.622616,2025-07-18T16:34:15.622616,15,15,True,Q1,Complete
RESP_STA_2600,Standard Life,2025-07-20T16:34:15.622694,2025-07-29T16:34:15.622694,9,15,True,Q1,Partial
RESP_STA_4099,Standard Life,2025-05-12T16:34:15.622737,2025-05-22T16:34:15.622737,10,15,True,Q4,Complete
RESP_STA_7693,Standard Life,2025-12-07T16:34:15.622774,2025-12-20T16:34:15.622774,13,15,True,Q4,Complete
RESP_STA_6309,Standard Life,2025-02-17T16:34:15.622811,2025-03-01T16:34:15.622811,12,15,True,Q4,Partial
RESP_STA_6413,Standard Life,2025-12-04T16:34:15.622848,2025-12-16T16:34:15.622848,12,15,True,Q4,Incomplete
RESP_STA_8188,Standard Life,2025-07-07T16:34:15.622885,2025-07-22T16:34:15.622885,15,15,True,Q1,Complete
RESP_STA_7584,Standard Life,2025-08-10T16:34:15.622921,2025-08-19T16:34:15.622921,9,15,True,Q3,Complete
RESP_STA_7457,Standard Life,2025-07-21T16:34:15.622956,2025-07-30T16:34:15.622956,9,15,True,Q3,Partial
RESP_STA_2781,Standard Life,2025-12-11T16:34:15.622992,2025-12-19T16:34:15.622992,8,15,True,Q3,Complete
RESP_STA_2379,Standard Life,2025-02-19T16:34:15.623031,2025-03-04T16:34:15.623031,13,15,True,Q4,Complete
RESP_STA_1800,Standard Life,2025-03-19T16:34:15.623068,2025-03-27T16:34:15.623068,8,15,True,Q4,Complete
RESP_STA_3088,Standard Life,2025-07-09T16:34:15.623104,2025-07-20T16:34:15.623104,11,15,True,Q1,Complete
RESP_STA_3126,Standard Life,2025-06-26T16:34:15.623140,2025-07-07T16:34:15.623140,11,15,True,Q1,Incomplete
RESP_STA_4322,Standard Life,2025-04-06T16:34:15.623175,2025-04-14T16:34:15.623175,8,15,True,Q2,Complete
RESP_STA_3861,Standard Life,2025-04-01T16:34:15.623210,2025-04-08T16:34:15.623210,7,15,True,Q3,Incomplete
RESP_STA_5638,Standard Life,2025-11-18T16:34:15.623249,2025-11-28T16:34:15.623249,10,15,True,Q1,Complete
RESP_STA_4123,Standard Life,2025-12-26T16:34:15.623286,2026-01-09T16:34:15.623286,14,15,True,Q1,Complete
RESP_STA_3309,Standard Life,2025-03-09T16:34:15.623322,2025-03-19T16:34:15.623322,10,15,True,Q4,Partial
RESP_STA_2976,Standard Life,2025-07-01T16:34:15.623357,2025-07-14T16:34:15.623357,13,15,True,Q1,Partial
RESP_STA_8425,Standard Life,2025-06-03T16:34:15.623393,2025-06-23T16:34:15.623393,20,15,False,Q2,Complete
RESP_STA_6452,Standard Life,2025-06-24T16:34:15.623429,2025-07-09T16:34:15.623429,15,15,True,Q2,Complete
RESP_STA_2845,Standard Life,2025-09-27T16:34:15.623464,2025-10-10T16:34:15.623464,13,15,True,Q3,Complete
RESP_STA_4090,Standard Life,2025-02-26T16:34:15.623500,2025-03-09T16:34:15.623500,11,15,True,Q3,Incomplete
RESP_STA_1831,Standard Life,2025-11-27T16:34:15.623536,2025-12-09T16:34:15.623536,12,15,True,Q2,Complete
RESP_STA_9455,Standard Life,2025-06-21T16:34:15.623571,2025-06-28T16:34:15.623571,7,15,True,Q4,Incomplete
RESP_STA_2877,Standard Life,2025-04-07T16:34:15.623606,2025-04-14T16:34:15.623606,7,15,True,Q2,Complete
RESP_STA_6431,Standard Life,2025-12-22T16:34:15.623676,2025-12-30T16:34:15.623676,8,15,True,Q2,Partial
RESP_FID_3291,Fidelity,2025-09-24T16:34:15.623724,2025-10-14T16:34:15.623724,20,15,False,Q4,Partial
RESP_FID_6786,Fidelity,2025-07-05T16:34:15.623762,2025-07-14T16:34:15.623762,9,15,True,Q3,Partial
RESP_FID_6632,Fidelity,2025-11-17T16:34:15.623801,2025-11-30T16:34:15.623801,13,15,True,Q4,Complete
RESP_FID_6973,Fidelity,2025-12-06T16:34:15.623838,2025-12-15T16:34:15.623838,9,15,True,Q2,Partial
RESP_FID_4657,Fidelity,2025-02-05T16:34:15.623875,2025-02-22T16:34:15.623875,17,15,False,Q3,Partial
RESP_FID_4182,Fidelity,2025-04-26T16:34:15.623915,2025-05-11T16:34:15.623915,15,15,True,Q4,Complete
RESP_FID_6101,Fidelity,2025-06-10T16:34:15.623950,2025-06-18T16:34:15.623950,8,15,True,Q2,Partial
RESP_FID_3765,Fidelity,2025-12-17T16:34:15.623986,2026-01-09T16:34:15.623986,23,15,False,Q2,Partial
RESP_FID_5118,Fidelity,2025-12-07T16:34:15.624022,2025-12-26T16:34:15.624022,19,15,False,Q3,Incomplete
RESP_FID_4667,Fidelity,2025-12-07T16:34:15.624059,2025-12-16T16:34:15.624059,9,15,True,Q3,Complete
RESP_FID_1299,Fidelity,2025-04-15T16:34:15.624094,2025-05-08T16:34:15.624094,23,15,False,Q3,Incomplete
RESP_FID_2082,Fidelity,2025-03-28T16:34:15.624163,2025-04-09T16:34:15.624163,12,15,True,Q1,Complete
RESP_FID_9967,Fidelity,2025-05-07T16:34:15.624215,2025-05-15T16:34:15.624215,8,15,True,Q1,Partial
RESP_FID_3303,Fidelity,2025-06-01T16:34:15.624253,2025-06-13T16:34:15.624253,12,15,True,Q4,Partial
RESP_FID_4807,Fidelity,2025-04-20T16:34:15.624289,2025-05-05T16:34:15.624289,15,15,True,Q4,Partial
RESP_FID_1473,Fidelity,2025-05-31T16:34:15.624325,2025-06-15T16:34:15.624325,15,15,True,Q4,Complete
RESP_FID_8229,Fidelity,2025-04-21T16:34:15.624361,2025-05-05T16:34:15.624361,14,15,True,Q1,Partial
RESP_FID_6858,Fidelity,2025-07-25T16:34:15.624397,2025-08-08T16:34:15.624397,14,15,True,Q1,Complete
RESP_FID_3840,Fidelity,2025-05-18T16:34:15.624433,2025-05-29T16:34:15.624433,11,15,True,Q4,Complete
RESP_FID_9273,Fidelity,2025-03-21T16:34:15.624469,2025-03-29T16:34:15.624469,8,15,True,Q2,Complete
RESP_FID_8802,Fidelity,2025-09-19T16:34:15.624504,2025-10-09T16:34:15.624504,20,15,False,Q4,Complete
RESP_FID_5288,Fidelity,2025-11-24T16:34:15.624543,2025-12-09T16:34:15.624543,15,15,True,Q3,Incomplete
RESP_FID_6930,Fidelity,2025-10-24T16:34:15.624586,2025-11-12T16:34:15.624586,19,15,False,Q2,Complete
RESP_FID_4722,Fidelity,2025-04-09T16:34:15.624622,2025-04-22T16:34:15.624622,13,15,True,Q4,Complete
RESP_FID_8008,Fidelity,2025-07-22T16:34:15.624701,2025-08-13T16:34:15.624701,22,15,False,Q2,Partial
RESP_FID_3780,Fidelity,2025-02-25T16:34:15.624743,2025-03-05T16:34:15.624743,8,15,True,Q4,Complete
RESP_FID_3808,Fidelity,2025-03-09T16:34:15.624780,2025-03-22T16:34:15.624780,13,15,True,Q4,Complete
RESP_FID_5559,Fidelity,2025-06-15T16:34:15.624817,2025-07-01T16:34:15.624817,16,15,False,Q1,Partial
RESP_FID_2620,Fidelity,2025-03-27T16:34:15.624853,2025-04-13T16:34:15.624853,17,15,False,Q1,Complete
RESP_FID_1948,Fidelity,2025-06-04T16:34:15.624890,2025-06-15T16:34:15.624890,11,15,True,Q1,Partial
RESP_FID_1548,Fidelity,2025-07-10T16:34:15.624926,2025-07-27T16:34:15.624926,17,15,False,Q1,Incomplete
RESP_FID_9762,Fidelity,2025-08-26T16:34:15.624962,2025-09-16T16:34:15.624962,21,15,False,Q4,Complete
RESP_FID_4260,Fidelity,2025-03-16T16:34:15.624998,2025-04-04T16:34:15.624998,19,15,False,Q4,Complete
RESP_FID_3093,Fidelity,2025-03-09T16:34:15.625034,2025-03-17T16:34:15.625034,8,15,True,Q3,Complete
RESP_FID_3517,Fidelity,2025-08-25T16:34:15.625070,2025-09-03T16:34:15.625070,9,15,True,Q2,Partial
RESP_FID_8061,Fidelity,2025-10-22T16:34:15.625105,2025-10-30T16:34:15.625105,8,15,True,Q1,Partial
RESP_FID_4712,Fidelity,2025-11-03T16:34:15.625141,2025-11-25T16:34:15.625141,22,15,False,Q1,Complete
RESP_FID_9509,Fidelity,2025-09-03T16:34:15.625177,2025-09-13T16:34:15.625177,10,15,True,Q2,Complete
RESP_FID_3996,Fidelity,2025-03-07T16:34:15.625212,2025-03-26T16:34:15.625212,19,15,False,Q2,Complete
RESP_FID_3542,Fidelity,2025-12-23T16:34:15.625252,2026-01-13T16:34:15.625252,21,15,False,Q3,Partial
RESP_FID_6541,Fidelity,2025-12-03T16:34:15.625289,2025-12-13T16:34:15.625289,10,15,True,Q3,Complete
RESP_FID_7026,Fidelity,2025-08-23T16:34:15.625327,2025-08-31T16:34:15.625327,8,15,True,Q2,Complete
RESP_FID_5703,Fidelity,2025-07-24T16:34:15.625366,2025-08-10T16:34:15.625366,17,15,False,Q3,Complete
RESP_FID_8111,Fidelity,2025-09-08T16:34:15.625402,2025-09-27T16:34:15.625402,19,15,False,Q4,Complete
RESP_FID_8013,Fidelity,2025-12-30T16:34:15.625438,2026-01-15T16:34:15.625438,16,15,False,Q1,Complete
RESP_FID_2140,Fidelity,2025-11-05T16:34:15.625474,2025-11-16T16:34:15.625474,11,15,True,Q3,Complete
RESP_FID_7541,Fidelity,2025-12-31T16:34:15.625509,2026-01-15T16:34:15.625509,15,15,True,Q1,Complete
RESP_FID_1435,Fidelity,2025-08-22T16:34:15.625545,2025-09-08T16:34:15.625545,17,15,False,Q4,Partial
RESP_FID_6828,Fidelity,2025-08-27T16:34:15.625581,2025-09-11T16:34:15.625581,15,15,True,Q2,Complete
RESP_FID_6894,Fidelity,2025-10-15T16:34:15.625617,2025-11-06T16:34:15.625617,22,15,False,Q3,Partial
RESP_LEG_6645,Legal & General,2025-03-06T16:34:15.625695,2025-03-20T16:34:15.625695,14,15,True,Q1,Complete
RESP_LEG_1703,Legal & General,2025-04-17T16:34:15.625775,2025-04-28T16:34:15.625775,11,15,True,Q1,Complete
RESP_LEG_2301,Legal & General,2025-09-12T16:34:15.625822,2025-09-26T16:34:15.625822,14,15,True,Q2,Complete
RESP_LEG_7071,Legal & General,2025-06-13T16:34:15.625926,2025-07-03T16:34:15.625926,20,15,False,Q1,Complete
RESP_LEG_3105,Legal & General,2025-06-07T16:34:15.625965,2025-06-14T16:34:15.625965,7,15,True,Q2,Partial
RESP_LEG_8137,Legal & General,2025-08-21T16:34:15.626002,2025-09-05T16:34:15.626002,15,15,True,Q2,Partial
RESP_LEG_7642,Legal & General,2025-10-12T16:34:15.626048,2025-10-24T16:34:15.626048,12,15,True,Q2,Complete
RESP_LEG_9143,Legal & General,2025-03-15T16:34:15.626117,2025-04-02T16:34:15.626117,18,15,False,Q4,Complete
RESP_LEG_6856,Legal & General,2025-07-15T16:34:15.626178,2025-07-31T16:34:15.626178,16,15,False,Q2,Partial
RESP_LEG_5076,Legal & General,2025-06-28T16:34:15.626240,2025-07-17T16:34:15.626240,19,15,False,Q2,Partial
RESP_LEG_8528,Legal & General,2025-05-02T16:34:15.626307,2025-05-27T16:34:15.626307,25,15,False,Q1,Complete
RESP_LEG_6190,Legal & General,2025-04-03T16:34:15.626371,2025-04-10T16:34:15.626371,7,15,True,Q1,Partial
RESP_LEG_6747,Legal & General,2025-10-16T16:34:15.626440,2025-11-04T16:34:15.626440,19,15,False,Q4,Partial
RESP_LEG_3344,Legal & General,2025-12-29T16:34:15.626514,2026-01-13T16:34:15.626514,15,15,True,Q4,Partial
RESP_LEG_4596,Legal & General,2025-09-08T16:34:15.626612,2025-09-20T16:34:15.626612,12,15,True,Q2,Partial
RESP_LEG_6630,Legal & General,2025-03-28T16:34:15.626737,2025-04-13T16:34:15.626737,16,15,False,Q2,Partial
RESP_LEG_2073,Legal & General,2025-05-12T16:34:15.626823,2025-05-25T16:34:15.626823,13,15,True,Q4,Complete
RESP_LEG_4055,Legal & General,2025-12-18T16:34:15.626906,2025-12-28T16:34:15.626906,10,15,True,Q1,Complete
RESP_LEG_6587,Legal & General,2025-11-29T16:34:15.626987,2025-12-09T16:34:15.626987,10,15,True,Q3,Complete
RESP_LEG_7175,Legal & General,2025-02-22T16:34:15.627068,2025-03-04T16:34:15.627068,10,15,True,Q1,Complete
RESP_LEG_4881,Legal & General,2025-05-28T16:34:15.627148,2025-06-10T16:34:15.627148,13,15,True,Q1,Partial
RESP_LEG_5784,Legal & General,2025-10-08T16:34:15.627228,2025-10-26T16:34:15.627228,18,15,False,Q2,Partial
RESP_LEG_6450,Legal & General,2025-03-03T16:34:15.627307,2025-03-19T16:34:15.627307,16,15,False,Q3,Complete
RESP_LEG_5248,Legal & General,2025-05-24T16:34:15.627380,2025-06-05T16:34:15.627380,12,15,True,Q4,Complete
RESP_LEG_3977,Legal & General,2025-02-06T16:34:15.627455,2025-02-18T16:34:15.627455,12,15,True,Q4,Partial
RESP_LEG_8443,Legal & General,2025-02-04T16:34:15.627525,2025-02-13T16:34:15.627525,9,15,True,Q2,Complete
RESP_LEG_4761,Legal & General,2025-11-02T16:34:15.627595,2025-11-11T16:34:15.627595,9,15,True,Q2,Complete
RESP_LEG_5425,Legal & General,2025-12-06T16:34:15.627711,2025-12-18T16:34:15.627711,12,15,True,Q2,Complete
RESP_LEG_7563,Legal & General,2025-12-12T16:34:15.627790,2025-12-21T16:34:15.627790,9,15,True,Q4,Complete
RESP_LEG_3355,Legal & General,2025-04-28T16:34:15.627860,2025-05-10T16:34:15.627860,12,15,True,Q4,Complete
RESP_LEG_5939,Legal & General,2025-02-11T16:34:15.627932,2025-02-26T16:34:15.627932,15,15,True,Q1,Complete
RESP_LEG_1183,Legal & General,2025-09-30T16:34:15.628010,2025-10-20T16:34:15.628010,20,15,False,Q4,Complete
RESP_LEG_5722,Legal & General,2025-07-01T16:34:15.628082,2025-07-16T16:34:15.628082,15,15,True,Q3,Partial
RESP_LEG_2507,Legal & General,2025-04-07T16:34:15.628230,2025-04-24T16:34:15.628230,17,15,False,Q1,Partial
RESP_LEG_1676,Legal & General,2025-05-24T16:34:15.628313,2025-06-10T16:34:15.628313,17,15,False,Q3,Partial
RESP_LEG_6723,Legal & General,2025-06-06T16:34:15.628383,2025-06-23T16:34:15.628383,17,15,False,Q1,Complete
RESP_LEG_8689,Legal & General,2025-08-29T16:34:15.628452,2025-09-12T16:34:15.628452,14,15,True,Q3,Partial
RESP_LEG_1386,Legal & General,2025-11-02T16:34:15.628521,2025-11-10T16:34:15.628521,8,15,True,Q2,Complete
RESP_LEG_9056,Legal & General,2025-08-08T16:34:15.628589,2025-08-23T16:34:15.628589,15,15,True,Q3,Complete
RESP_LEG_8414,Legal & General,2025-08-07T16:34:15.628702,2025-08-19T16:34:15.628702,12,15,True,Q2,Partial
RESP_LEG_6232,Legal & General,2025-04-12T16:34:15.628782,2025-04-26T16:34:15.628782,14,15,True,Q4,Partial
RESP_LEG_4907,Legal & General,2025-11-11T16:34:15.628854,2025-11-23T16:34:15.628854,12,15,True,Q1,Complete
RESP_LEG_4989,Legal & General,2025-09-28T16:34:15.628919,2025-10-18T16:34:15.628919,20,15,False,Q1,Incomplete
RESP_LEG_7106,Legal & General,2025-03-23T16:34:15.628985,2025-04-03T16:34:15.628985,11,15,True,Q2,Complete
RESP_LEG_5200,Legal & General,2025-11-12T16:34:15.629046,2025-11-23T16:34:15.629046,11,15,True,Q2,Complete
RESP_LEG_9512,Legal & General,2025-07-22T16:34:15.629107,2025-08-03T16:34:15.629107,12,15,True,Q2,Complete
RESP_LEG_2568,Legal & General,2025-04-14T16:34:15.629167,2025-05-01T16:34:15.629167,17,15,False,Q1,Partial
RESP_LEG_6600,Legal & General,2025-02-07T16:34:15.629226,2025-02-24T16:34:15.629226,17,15,False,Q3,Complete
RESP_LEG_7608,Legal & General,2025-11-30T16:34:15.629285,2025-12-17T16:34:15.629285,17,15,False,Q4,Partial
RESP_LEG_4342,Legal & General,2025-03-31T16:34:15.629343,2025-04-17T16:34:15.629343,17,15,False,Q1,Partial
RESP_AON_4521,Aon,2025-08-03T16:34:15.629406,2025-08-19T16:34:15.629406,16,15,False,Q3,Complete
RESP_AON_8595,Aon,2025-04-01T16:34:15.629473,2025-04-16T16:34:15.629473,15,15,True,Q3,Incomplete
RESP_AON_9530,Aon,2025-05-22T16:34:15.629536,2025-06-10T16:34:15.629536,19,15,False,Q1,Partial
RESP_AON_1986,Aon,2025-02-04T16:34:15.629595,2025-02-14T16:34:15.629595,10,15,True,Q3,Incomplete
RESP_AON_3006,Aon,2025-06-10T16:34:15.629707,2025-07-06T16:34:15.629707,26,15,False,Q2,Complete
RESP_AON_9722,Aon,2025-04-19T16:34:15.629790,2025-04-29T16:34:15.629790,10,15,True,Q4,Partial
RESP_AON_8618,Aon,2025-05-07T16:34:15.629853,2025-05-24T16:34:15.629853,17,15,False,Q3,Complete
RESP_AON_9199,Aon,2025-09-15T16:34:15.629913,2025-10-01T16:34:15.629913,16,15,False,Q1,Partial
RESP_AON_6637,Aon,2025-11-01T16:34:15.629977,2025-11-18T16:34:15.629977,17,15,False,Q3,Complete
RESP_AON_9138,Aon,2025-10-28T16:34:15.630039,2025-11-12T16:34:15.630039,15,15,True,Q3,Complete
RESP_AON_2976,Aon,2025-03-20T16:34:15.630101,2025-04-06T16:34:15.630101,17,15,False,Q4,Partial
RESP_AON_2887,Aon,2025-02-24T16:34:15.630163,2025-03-11T16:34:15.630163,15,15,True,Q4,Partial
RESP_AON_2083,Aon,2025-08-07T16:34:15.630222,2025-08-21T16:34:15.630222,14,15,True,Q3,Complete
RESP_AON_2099,Aon,2025-05-03T16:34:15.630280,2025-05-13T16:34:15.630280,10,15,True,Q2,Complete
RESP_AON_7402,Aon,2025-10-30T16:34:15.630339,2025-11-12T16:34:15.630339,13,15,True,Q2,Partial
RESP_AON_9382,Aon,2025-12-28T16:34:15.630398,2026-01-20T16:34:15.630398,23,15,False,Q4,Complete
RESP_AON_5105,Aon,2025-05-30T16:34:15.630458,2025-06-18T16:34:15.630458,19,15,False,Q3,Partial
RESP_AON_6083,Aon,2025-08-05T16:34:15.630516,2025-08-26T16:34:15.630516,21,15,False,Q1,Complete
RESP_AON_3069,Aon,2025-10-17T16:34:15.630574,2025-10-27T16:34:15.630574,10,15,True,Q3,Partial
RESP_AON_4343,Aon,2025-08-07T16:34:15.630674,2025-08-22T16:34:15.630674,15,15,True,Q4,Partial
RESP_AON_9644,Aon,2025-11-17T16:34:15.630755,2025-12-12T16:34:15.630755,25,15,False,Q3,Partial
RESP_AON_7851,Aon,2025-05-06T16:34:15.630839,2025-05-22T16:34:15.630839,16,15,False,Q1,Complete
RESP_AON_2982,Aon,2025-04-07T16:34:15.630910,2025-04-17T16:34:15.630910,10,15,True,Q1,Complete
RESP_AON_9191,Aon,2025-09-13T16:34:15.630973,2025-09-30T16:34:15.630973,17,15,False,Q2,Partial
RESP_AON_3291,Aon,2025-07-04T16:34:15.631032,2025-07-22T16:34:15.631032,18,15,False,Q1,Partial
RESP_AON_5988,Aon,2025-09-07T16:34:15.631096,2025-09-26T16:34:15.631096,19,15,False,Q1,Complete
RESP_AON_3258,Aon,2025-05-02T16:34:15.631175,2025-05-12T16:34:15.631175,10,15,True,Q3,Complete
RESP_AON_1085,Aon,2025-11-06T16:34:15.631250,2025-11-17T16:34:15.631250,11,15,True,Q3,Partial
RESP_AON_1903,Aon,2025-09-17T16:34:15.631313,2025-10-01T16:34:15.631313,14,15,True,Q1,Complete
RESP_AON_3804,Aon,2025-11-17T16:34:15.631373,2025-12-03T16:34:15.631373,16,15,False,Q3,Partial
RESP_AON_1429,Aon,2025-12-10T16:34:15.631433,2026-01-06T16:34:15.631433,27,15,False,Q1,Incomplete
RESP_AON_9631,Aon,2025-10-04T16:34:15.631494,2025-10-14T16:34:15.631494,10,15,True,Q1,Complete
RESP_AON_7256,Aon,2025-12-18T16:34:15.631556,2026-01-01T16:34:15.631556,14,15,True,Q1,Complete
RESP_AON_9573,Aon,2025-07-09T16:34:15.631616,2025-08-01T16:34:15.631616,23,15,False,Q3,Complete
RESP_AON_8222,Aon,2025-06-28T16:34:15.631731,2025-07-24T16:34:15.631731,26,15,False,Q2,Complete
RESP_AON_1402,Aon,2025-06-17T16:34:15.631795,2025-07-01T16:34:15.631795,14,15,True,Q2,Complete
RESP_AON_5544,Aon,2025-09-14T16:34:15.631855,2025-09-24T16:34:15.631855,10,15,True,Q3,Partial
RESP_AON_7850,Aon,2025-03-08T16:34:15.631922,2025-03-21T16:34:15.631922,13,15,True,Q3,Complete
RESP_AON_4333,Aon,2025-04-11T16:34:15.631986,2025-05-10T16:34:15.631986,29,15,False,Q3,Complete
RESP_AON_8707,Aon,2025-08-19T16:34:15.632050,2025-09-09T16:34:15.632050,21,15,False,Q4,Complete
RESP_AON_4476,Aon,2025-06-12T16:34:15.632116,2025-06-29T16:34:15.632116,17,15,False,Q3,Complete
RESP_AON_9496,Aon,2025-07-21T16:34:15.632246,2025-08-17T16:34:15.632246,27,15,False,Q3,Partial
RESP_AON_3975,Aon,2025-05-03T16:34:15.632322,2025-05-21T16:34:15.632322,18,15,False,Q3,Partial
RESP_AON_3567,Aon,2025-10-26T16:34:15.632392,2025-11-18T16:34:15.632392,23,15,False,Q1,Complete
RESP_AON_8478,Aon,2025-02-22T16:34:15.632463,2025-03-22T16:34:15.632463,28,15,False,Q4,Partial
RESP_AON_4613,Aon,2025-10-17T16:34:15.632534,2025-11-01T16:34:15.632534,15,15,True,Q3,Complete
RESP_AON_1758,Aon,2025-09-03T16:34:15.632595,2025-09-25T16:34:15.632595,22,15,False,Q3,Partial
RESP_AON_5029,Aon,2025-04-25T16:34:15.632703,2025-05-20T16:34:15.632703,25,15,False,Q2,Complete
RESP_AON_1700,Aon,2025-03-02T16:34:15.632784,2025-03-23T16:34:15.632784,21,15,False,Q4,Complete
RESP_AON_5145,Aon,2025-11-06T16:34:15.632849,2025-11-25T16:34:15.632849,19,15,False,Q3,Partial
RESP_TRA_2908,Transamerica,2025-08-06T16:34:15.632908,2025-08-23T16:34:15.632908,17,15,False,Q3,Partial
RESP_TRA_2790,Transamerica,2025-06-12T16:34:15.632968,2025-07-05T16:34:15.632968,23,15,False,Q1,Partial
RESP_TRA_6251,Transamerica,2025-08-21T16:34:15.633029,2025-09-01T16:34:15.633029,11,15,True,Q2,Complete
RESP_TRA_6311,Transamerica,2025-05-05T16:34:15.633088,2025-05-26T16:34:15.633088,21,15,False,Q2,Complete
RESP_TRA_8316,Transamerica,2025-11-15T16:34:15.633144,2025-12-05T16:34:15.633144,20,15,False,Q3,Complete
RESP_TRA_1868,Transamerica,2025-05-25T16:34:15.633217,2025-06-07T16:34:15.633217,13,15,True,Q4,Complete
RESP_TRA_2076,Transamerica,2025-03-26T16:34:15.633274,2025-04-07T16:34:15.633274,12,15,True,Q3,Incomplete
RESP_TRA_7385,Transamerica,2025-02-15T16:34:15.633312,2025-03-18T16:34:15.633312,31,15,False,Q3,Complete
RESP_TRA_9250,Transamerica,2025-05-15T16:34:15.633349,2025-06-07T16:34:15.633349,23,15,False,Q3,Partial
RESP_TRA_9493,Transamerica,2025-06-11T16:34:15.633390,2025-07-07T16:34:15.633390,26,15,False,Q2,Partial
RESP_TRA_6264,Transamerica,2025-09-13T16:34:15.633429,2025-10-02T16:34:15.633429,19,15,False,Q4,Complete
RESP_TRA_8518,Transamerica,2025-08-20T16:34:15.633466,2025-09-10T16:34:15.633466,21,15,False,Q3,Complete
RESP_TRA_3059,Transamerica,2025-04-12T16:34:15.633502,2025-04-27T16:34:15.633502,15,15,True,Q3,Complete
RESP_TRA_4266,Transamerica,2025-08-27T16:34:15.633538,2025-09-07T16:34:15.633538,11,15,True,Q4,Complete
RESP_TRA_6891,Transamerica,2025-02-28T16:34:15.633574,2025-03-27T16:34:15.633574,27,15,False,Q4,Complete
RESP_TRA_5091,Transamerica,2025-10-04T16:34:15.633609,2025-10-26T16:34:15.633609,22,15,False,Q4,Complete
RESP_TRA_1233,Transamerica,2025-09-22T16:34:15.633682,2025-10-13T16:34:15.633682,21,15,False,Q2,Complete
RESP_TRA_1386,Transamerica,2025-05-13T16:34:15.633754,2025-06-08T16:34:15.633754,26,15,False,Q3,Incomplete
RESP_TRA_8284,Transamerica,2025-11-26T16:34:15.633813,2025-12-15T16:34:15.633813,19,15,False,Q1,Incomplete
RESP_TRA_2999,Transamerica,2025-11-14T16:34:15.633875,2025-12-01T16:34:15.633875,17,15,False,Q2,Complete
RESP_TRA_7192,Transamerica,2025-03-16T16:34:15.633915,2025-04-07T16:34:15.633915,22,15,False,Q2,Partial
RESP_TRA_5177,Transamerica,2025-03-24T16:34:15.633952,2025-04-10T16:34:15.633952,17,15,False,Q4,Complete
RESP_TRA_3612,Transamerica,2025-04-05T16:34:15.633992,2025-04-21T16:34:15.633992,16,15,False,Q1,Complete
RESP_TRA_2496,Transamerica,2025-05-20T16:34:15.634029,2025-06-06T16:34:15.634029,17,15,False,Q4,Complete
RESP_TRA_2995,Transamerica,2025-03-22T16:34:15.634065,2025-04-08T16:34:15.634065,17,15,False,Q2,Partial
RESP_TRA_4069,Transamerica,2025-04-25T16:34:15.634100,2025-05-12T16:34:15.634100,17,15,False,Q2,Partial
RESP_TRA_5476,Transamerica,2025-06-02T16:34:15.634139,2025-06-24T16:34:15.634139,22,15,False,Q1,Partial
RESP_TRA_2143,Transamerica,2025-03-14T16:34:15.634175,2025-04-07T16:34:15.634175,24,15,False,Q4,Partial
RESP_TRA_9070,Transamerica,2025-06-19T16:34:15.634210,2025-07-05T16:34:15.634210,16,15,False,Q1,Complete
RESP_TRA_4607,Transamerica,2025-02-13T16:34:15.634248,2025-03-16T16:34:15.634248,31,15,False,Q2,Complete
RESP_TRA_1362,Transamerica,2025-09-16T16:34:15.634284,2025-10-06T16:34:15.634284,20,15,False,Q3,Partial
RESP_TRA_1084,Transamerica,2025-04-19T16:34:15.634321,2025-05-05T16:34:15.634321,16,15,False,Q2,Complete
RESP_TRA_9822,Transamerica,2025-11-05T16:34:15.634356,2025-11-30T16:34:15.634356,25,15,False,Q4,Complete
RESP_TRA_3371,Transamerica,2025-04-27T16:34:15.634391,2025-05-15T16:34:15.634391,18,15,False,Q1,Complete
RESP_TRA_8121,Transamerica,2025-02-21T16:34:15.634427,2025-03-17T16:34:15.634427,24,15,False,Q1,Partial
RESP_TRA_5543,Transamerica,2025-05-02T16:34:15.634462,2025-05-16T16:34:15.634462,14,15,True,Q3,Complete
RESP_TRA_8532,Transamerica,2025-11-27T16:34:15.634498,2025-12-20T16:34:15.634498,23,15,False,Q3,Complete
RESP_TRA_2102,Transamerica,2025-02-14T16:34:15.634533,2025-03-16T16:34:15.634533,30,15,False,Q1,Partial
RESP_TRA_4684,Transamerica,2025-02-07T16:34:15.634569,2025-02-23T16:34:15.634569,16,15,False,Q4,Incomplete
RESP_TRA_8707,Transamerica,2025-10-27T16:34:15.634605,2025-11-14T16:34:15.634605,18,15,False,Q2,Complete
RESP_TRA_4775,Transamerica,2025-10-18T16:34:15.634673,2025-11-02T16:34:15.634673,15,15,True,Q1,Complete
RESP_TRA_1016,Transamerica,2025-07-31T16:34:15.634724,2025-08-21T16:34:15.634724,21,15,False,Q1,Complete
RESP_TRA_5089,Transamerica,2025-02-26T16:34:15.634762,2025-03-21T16:34:15.634762,23,15,False,Q4,Complete
RESP_TRA_4240,Transamerica,2025-04-25T16:34:15.634803,2025-05-15T16:34:15.634803,20,15,False,Q3,Complete
RESP_TRA_6702,Transamerica,2025-03-11T16:34:15.634841,2025-03-31T16:34:15.634841,20,15,False,Q4,Complete
RESP_TRA_5315,Transamerica,2025-04-07T16:34:15.634876,2025-04-17T16:34:15.634876,10,15,True,Q3,Complete
RESP_TRA_8393,Transamerica,2025-02-06T16:34:15.634915,2025-03-01T16:34:15.634915,23,15,False,Q4,Complete
RESP_TRA_4411,Transamerica,2025-05-26T16:34:15.634951,2025-06-13T16:34:15.634951,18,15,False,Q1,Partial
RESP_TRA_1111,Transamerica,2025-07-30T16:34:15.634986,2025-08-12T16:34:15.634986,13,15,True,Q3,Complete
RESP_TRA_6426,Transamerica,2025-02-05T16:34:15.635024,2025-02-15T16:34:15.635024,10,15,True,Q1,Complete
RESP_PRU_4107,Prudential,2025-03-31T16:34:15.635062,2025-04-20T16:34:15.635062,20,15,False,Q3,Complete
RESP_PRU_5281,Prudential,2025-12-02T16:34:15.635098,2025-12-24T16:34:15.635098,22,15,False,Q2,Incomplete
RESP_PRU_2718,Prudential,2025-04-28T16:34:15.635133,2025-05-08T16:34:15.635133,10,15,True,Q2,Incomplete
RESP_PRU_8154,Prudential,2025-05-01T16:34:15.635169,2025-05-11T16:34:15.635169,10,15,True,Q1,Partial
RESP_PRU_9612,Prudential,2025-02-14T16:34:15.635207,2025-02-26T16:34:15.635207,12,15,True,Q1,Complete
RESP_PRU_5623,Prudential,2025-03-08T16:34:15.635243,2025-03-23T16:34:15.635243,15,15,True,Q4,Partial
RESP_PRU_5522,Prudential,2025-03-03T16:34:15.635279,2025-03-30T16:34:15.635279,27,15,False,Q4,Complete
RESP_PRU_5816,Prudential,2025-03-04T16:34:15.635314,2025-03-24T16:34:15.635314,20,15,False,Q4,Complete
RESP_PRU_2795,Prudential,2025-10-25T16:34:15.635352,2025-11-18T16:34:15.635352,24,15,False,Q4,Complete
RESP_PRU_5150,Prudential,2025-12-10T16:34:15.635388,2025-12-26T16:34:15.635388,16,15,False,Q2,Complete
RESP_PRU_4712,Prudential,2025-02-10T16:34:15.635427,2025-02-27T16:34:15.635427,17,15,False,Q4,Complete
RESP_PRU_6458,Prudential,2025-06-09T16:34:15.635463,2025-07-05T16:34:15.635463,26,15,False,Q4,Complete
RESP_PRU_7387,Prudential,2025-09-22T16:34:15.635499,2025-10-13T16:34:15.635499,21,15,False,Q2,Partial
RESP_PRU_5132,Prudential,2025-12-19T16:34:15.635535,2026-01-01T16:34:15.635535,13,15,True,Q2,Complete
RESP_PRU_9296,Prudential,2025-10-23T16:34:15.635570,2025-11-03T16:34:15.635570,11,15,True,Q3,Complete
RESP_PRU_9490,Prudential,2025-12-28T16:34:15.635606,2026-01-07T16:34:15.635606,10,15,True,Q1,Complete
RESP_PRU_1990,Prudential,2025-04-07T16:34:15.635676,2025-04-25T16:34:15.635676,18,15,False,Q3,Partial
RESP_PRU_1038,Prudential,2025-06-06T16:34:15.635725,2025-06-24T16:34:15.635725,18,15,False,Q4,Partial
RESP_PRU_5251,Prudential,2025-03-18T16:34:15.635766,2025-03-28T16:34:15.635766,10,15,True,Q2,Complete
RESP_PRU_7212,Prudential,2025-07-20T16:34:15.635804,2025-08-10T16:34:15.635804,21,15,False,Q3,Complete
RESP_PRU_6543,Prudential,2025-11-12T16:34:15.635840,2025-12-05T16:34:15.635840,23,15,False,Q1,Incomplete
RESP_PRU_4911,Prudential,2025-08-06T16:34:15.635877,2025-08-21T16:34:15.635877,15,15,True,Q3,Complete
RESP_PRU_6360,Prudential,2025-09-09T16:34:15.635913,2025-09-22T16:34:15.635913,13,15,True,Q2,Complete
RESP_PRU_5111,Prudential,2025-07-04T16:34:15.635948,2025-07-27T16:34:15.635948,23,15,False,Q3,Partial
RESP_PRU_3531,Prudential,2025-09-18T16:34:15.635984,2025-10-06T16:34:15.635984,18,15,False,Q3,Partial
RESP_PRU_5693,Prudential,2025-05-05T16:34:15.636019,2025-05-21T16:34:15.636019,16,15,False,Q3,Complete
RESP_PRU_1425,Prudential,2025-08-07T16:34:15.636055,2025-08-26T16:34:15.636055,19,15,False,Q1,Partial
RESP_PRU_2239,Prudential,2025-10-09T16:34:15.636094,2025-10-28T16:34:15.636094,19,15,False,Q3,Complete
RESP_PRU_9102,Prudential,2025-10-08T16:34:15.636163,2025-10-18T16:34:15.636163,10,15,True,Q2,Complete
RESP_PRU_4936,Prudential,2025-03-21T16:34:15.636214,2025-04-10T16:34:15.636214,20,15,False,Q4,Complete
RESP_PRU_4773,Prudential,2025-12-18T16:34:15.636252,2026-01-08T16:34:15.636252,21,15,False,Q1,Partial
RESP_PRU_5571,Prudential,2025-03-15T16:34:15.636289,2025-04-04T16:34:15.636289,20,15,False,Q1,Partial
RESP_PRU_6866,Prudential,2025-12-02T16:34:15.636325,2025-12-20T16:34:15.636325,18,15,False,Q2,Complete
RESP_PRU_5681,Prudential,2025-09-14T16:34:15.636360,2025-10-09T16:34:15.636360,25,15,False,Q4,Partial
RESP_PRU_3285,Prudential,2025-09-11T16:34:15.636399,2025-09-26T16:34:15.636399,15,15,True,Q1,Complete
RESP_PRU_5318,Prudential,2025-10-02T16:34:15.636435,2025-10-26T16:34:15.636435,24,15,False,Q1,Incomplete
RESP_PRU_5923,Prudential,2025-05-15T16:34:15.636470,2025-06-06T16:34:15.636470,22,15,False,Q3,Incomplete
RESP_PRU_3427,Prudential,2025-03-08T16:34:15.636506,2025-03-23T16:34:15.636506,15,15,True,Q2,Complete
RESP_PRU_9437,Prudential,2025-11-12T16:34:15.636544,2025-11-22T16:34:15.636544,10,15,True,Q3,Complete
RESP_PRU_3087,Prudential,2025-04-19T16:34:15.636580,2025-04-29T16:34:15.636580,10,15,True,Q1,Complete
RESP_PRU_3042,Prudential,2025-12-25T16:34:15.636615,2026-01-06T16:34:15.636615,12,15,True,Q1,Complete
RESP_PRU_5488,Prudential,2025-07-15T16:34:15.636689,2025-08-07T16:34:15.636689,23,15,False,Q3,Complete
RESP_PRU_8831,Prudential,2025-02-24T16:34:15.636733,2025-03-10T16:34:15.636733,14,15,True,Q2,Partial
RESP_PRU_6267,Prudential,2025-12-05T16:34:15.636771,2025-12-18T16:34:15.636771,13,15,True,Q3,Incomplete
RESP_PRU_2622,Prudential,2025-03-09T16:34:15.636812,2025-03-29T16:34:15.636812,20,15,False,Q3,Complete
RESP_PRU_4478,Prudential,2025-08-24T16:34:15.636848,2025-09-10T16:34:15.636848,17,15,False,Q1,Complete
RESP_PRU_6962,Prudential,2025-05-21T16:34:15.636884,2025-06-10T16:34:15.636884,20,15,False,Q1,Complete
RESP_PRU_2473,Prudential,2025-11-09T16:34:15.636920,2025-11-22T16:34:15.636920,13,15,True,Q2,Complete
RESP_PRU_4260,Prudential,2025-03-16T16:34:15.636955,2025-03-29T16:34:15.636955,13,15,True,Q4,Complete
RESP_PRU_6905,Prudential,2025-07-07T16:34:15.636991,2025-07-22T16:34:15.636991,15,15,True,Q1,Complete
RESP_FRI_5257,Friends Life,2025-03-26T16:34:15.637027,2025-04-09T16:34:15.637027,14,15,True,Q3,Complete
RESP_FRI_1468,Friends Life,2025-07-06T16:34:15.637063,2025-07-26T16:34:15.637063,20,15,False,Q2,Complete
RESP_FRI_9728,Friends Life,2025-04-18T16:34:15.637099,2025-05-09T16:34:15.637099,21,15,False,Q4,Incomplete
RESP_FRI_6952,Friends Life,2025-06-06T16:34:15.637135,2025-06-21T16:34:15.637135,15,15,True,Q2,Incomplete
RESP_FRI_9043,Friends Life,2025-04-21T16:34:15.637170,2025-05-11T16:34:15.637170,20,15,False,Q1,Complete
RESP_FRI_4936,Friends Life,2025-05-03T16:34:15.637205,2025-05-24T16:34:15.637205,21,15,False,Q3,Incomplete
RESP_FRI_6185,Friends Life,2025-08-10T16:34:15.637241,2025-08-24T16:34:15.637241,14,15,True,Q1,Complete
RESP_FRI_7506,Friends Life,2025-03-30T16:34:15.637278,2025-04-15T16:34:15.637278,16,15,False,Q1,Partial
RESP_FRI_6264,Friends Life,2025-02-09T16:34:15.637314,2025-03-10T16:34:15.637314,29,15,False,Q2,Complete
RESP_FRI_7441,Friends Life,2025-02-12T16:34:15.637350,2025-02-24T16:34:15.637350,12,15,True,Q2,Complete
RESP_FRI_4956,Friends Life,2025-05-09T16:34:15.637385,2025-05-22T16:34:15.637385,13,15,True,Q2,Complete
RESP_FRI_3365,Friends Life,2025-12-11T16:34:15.637424,2025-12-26T16:34:15.637424,15,15,True,Q1,Complete
RESP_FRI_4300,Friends Life,2025-04-02T16:34:15.637460,2025-04-26T16:34:15.637460,24,15,False,Q4,Partial
RESP_FRI_5415,Friends Life,2025-07-11T16:34:15.637495,2025-08-04T16:34:15.637495,24,15,False,Q2,Partial
RESP_FRI_6931,Friends Life,2025-05-07T16:34:15.637534,2025-05-24T16:34:15.637534,17,15,False,Q4,Complete
RESP_FRI_1769,Friends Life,2025-09-19T16:34:15.637570,2025-09-29T16:34:15.637570,10,15,True,Q2,Incomplete
RESP_FRI_7614,Friends Life,2025-08-11T16:34:15.637605,2025-08-26T16:34:15.637605,15,15,True,Q2,Incomplete
RESP_FRI_1933,Friends Life,2025-04-18T16:34:15.637673,2025-04-29T16:34:15.637673,11,15,True,Q3,Complete
RESP_FRI_9261,Friends Life,2025-03-24T16:34:15.637740,2025-04-16T16:34:15.637740,23,15,False,Q3,Complete
RESP_FRI_1254,Friends Life,2025-03-07T16:34:15.637803,2025-03-31T16:34:15.637803,24,15,False,Q4,Complete
RESP_FRI_7356,Friends Life,2025-04-14T16:34:15.637841,2025-04-28T16:34:15.637841,14,15,True,Q3,Partial
RESP_FRI_2852,Friends Life,2025-09-25T16:34:15.637877,2025-10-16T16:34:15.637877,21,15,False,Q4,Complete
RESP_FRI_1454,Friends Life,2025-11-28T16:34:15.637913,2025-12-14T16:34:15.637913,16,15,False,Q2,Complete
RESP_FRI_5822,Friends Life,2025-07-20T16:34:15.637949,2025-08-08T16:34:15.637949,19,15,False,Q2,Partial
RESP_FRI_5292,Friends Life,2025-09-19T16:34:15.637984,2025-10-10T16:34:15.637984,21,15,False,Q1,Partial
RESP_FRI_6095,Friends Life,2025-08-03T16:34:15.638020,2025-08-23T16:34:15.638020,20,15,False,Q4,Partial
RESP_FRI_5670,Friends Life,2025-08-11T16:34:15.638055,2025-08-30T16:34:15.638055,19,15,False,Q4,Partial
RESP_FRI_2890,Friends Life,2025-12-19T16:34:15.638094,2026-01-10T16:34:15.638094,22,15,False,Q2,Complete
RESP_FRI_1366,Friends Life,2025-02-18T16:34:15.638133,2025-03-06T16:34:15.638133,16,15,False,Q4,Incomplete
RESP_FRI_7606,Friends Life,2025-07-07T16:34:15.638169,2025-07-28T16:34:15.638169,21,15,False,Q2,Complete
RESP_FRI_8485,Friends Life,2025-07-19T16:34:15.638204,2025-08-14T16:34:15.638204,26,15,False,Q4,Partial
RESP_FRI_1449,Friends Life,2025-04-21T16:34:15.638240,2025-05-10T16:34:15.638240,19,15,False,Q2,Complete
RESP_FRI_8446,Friends Life,2025-07-26T16:34:15.638288,2025-08-10T16:34:15.638288,15,15,True,Q1,Partial
RESP_FRI_9339,Friends Life,2025-12-04T16:34:15.638351,2025-12-23T16:34:15.638351,19,15,False,Q4,Complete
RESP_FRI_1442,Friends Life,2025-11-06T16:34:15.638410,2025-11-30T16:34:15.638410,24,15,False,Q1,Partial
RESP_FRI_3995,Friends Life,2025-08-28T16:34:15.638472,2025-09-17T16:34:15.638472,20,15,False,Q2,Partial
RESP_FRI_9067,Friends Life,2025-04-18T16:34:15.638538,2025-05-02T16:34:15.638538,14,15,True,Q1,Complete
RESP_FRI_6582,Friends Life,2025-03-19T16:34:15.638602,2025-04-07T16:34:15.638602,19,15,False,Q3,Complete
RESP_FRI_8820,Friends Life,2025-02-26T16:34:15.638715,2025-03-12T16:34:15.638715,14,15,True,Q3,Complete
RESP_FRI_8705,Friends Life,2025-04-15T16:34:15.638805,2025-05-07T16:34:15.638805,22,15,False,Q3,Complete
RESP_FRI_2769,Friends Life,2025-04-12T16:34:15.638887,2025-04-24T16:34:15.638887,12,15,True,Q3,Incomplete
RESP_FRI_7731,Friends Life,2025-04-03T16:34:15.638968,2025-04-21T16:34:15.638968,18,15,False,Q4,Complete
RESP_FRI_7218,Friends Life,2025-07-29T16:34:15.639050,2025-08-22T16:34:15.639050,24,15,False,Q4,Partial
RESP_FRI_2210,Friends Life,2025-11-02T16:34:15.639130,2025-11-18T16:34:15.639130,16,15,False,Q3,Complete
RESP_FRI_5965,Friends Life,2025-02-18T16:34:15.639211,2025-03-11T16:34:15.639211,21,15,False,Q3,Complete
RESP_FRI_1989,Friends Life,2025-05-26T16:34:15.639298,2025-06-10T16:34:15.639298,15,15,True,Q1,Partial
RESP_FRI_3358,Friends Life,2025-11-15T16:34:15.639384,2025-12-08T16:34:15.639384,23,15,False,Q4,Complete
RESP_FRI_5816,Friends Life,2025-05-31T16:34:15.639465,2025-06-15T16:34:15.639465,15,15,True,Q4,Complete
RESP_FRI_6444,Friends Life,2025-12-27T16:34:15.639545,2026-01-06T16:34:15.639545,10,15,True,Q4,Complete
RESP_FRI_4865,Friends Life,2025-07-28T16:34:15.639616,2025-08-08T16:34:15.639616,11,15,True,Q2,Complete
